{
    "cube": {
        "knots": [
            0.0, 
            1.0, 
            2.0
        ], 
        "spans": 2, 
        "form": "periodic", 
        "degree": 1, 
        "cvs": [
            [
                1.0, 
                -0.0, 
                -0.9837247351361844
            ], 
            [
                1.0, 
                1.5, 
                -0.9821500354565895
            ], 
            [
                1.0, 
                -0.0, 
                -0.9837247351361844
            ]
        ]
    }, 
    "diamond": {
        "knots": [
            0.0, 
            1.0, 
            2.0, 
            3.0, 
            4.0, 
            5.0, 
            6.0, 
            7.0, 
            8.0, 
            9.0, 
            10.0, 
            11.0, 
            12.0, 
            13.0
        ], 
        "spans": 13, 
        "form": "open", 
        "degree": 1, 
        "cvs": [
            [
                -2.220446049250313e-16, 
                -1.0, 
                0.0
            ], 
            [
                -1.0, 
                0.0, 
                -1.1102230246251565e-16
            ], 
            [
                -2.2204460492503136e-16, 
                -2.220446049250313e-16, 
                1.0
            ], 
            [
                1.0, 
                0.0, 
                2.220446049250313e-16
            ], 
            [
                2.2204460492503136e-16, 
                2.220446049250313e-16, 
                -1.0
            ], 
            [
                -2.220446049250313e-16, 
                -1.0, 
                0.0
            ], 
            [
                0.0, 
                -4.930380657631324e-32, 
                1.0
            ], 
            [
                2.220446049250313e-16, 
                1.0, 
                0.0
            ], 
            [
                0.0, 
                4.930380657631324e-32, 
                -1.0
            ], 
            [
                -2.220446049250313e-16, 
                -1.0, 
                0.0
            ], 
            [
                1.0, 
                -2.220446049250313e-16, 
                2.220446049250313e-16
            ], 
            [
                2.220446049250313e-16, 
                1.0, 
                0.0
            ], 
            [
                -1.0, 
                2.220446049250313e-16, 
                -2.220446049250313e-16
            ], 
            [
                0.0, 
                0.0, 
                -1.0
            ]
        ]
    }, 
    "superMover": {
        "knots": [
            0.0, 
            1.0, 
            2.0, 
            3.0, 
            4.0, 
            5.0, 
            6.0, 
            7.0, 
            8.0, 
            9.0, 
            10.0, 
            11.0, 
            12.0, 
            13.0, 
            14.0, 
            15.0, 
            16.0, 
            17.0, 
            18.0, 
            19.0, 
            20.0, 
            21.0, 
            22.0, 
            23.0, 
            24.0
        ], 
        "spans": 24, 
        "form": "open", 
        "degree": 1, 
        "cvs": [
            [
                1.0, 
                0.0, 
                -1.0
            ], 
            [
                3.0, 
                0.0, 
                -1.0
            ], 
            [
                3.0, 
                0.0, 
                -2.0
            ], 
            [
                5.0, 
                0.0, 
                0.0
            ], 
            [
                3.0, 
                0.0, 
                2.0
            ], 
            [
                3.0, 
                0.0, 
                1.0
            ], 
            [
                1.0, 
                0.0, 
                1.0
            ], 
            [
                1.0, 
                0.0, 
                3.0
            ], 
            [
                2.0, 
                0.0, 
                3.0
            ], 
            [
                0.0, 
                0.0, 
                5.0
            ], 
            [
                -2.0, 
                0.0, 
                3.0
            ], 
            [
                -1.0, 
                0.0, 
                3.0
            ], 
            [
                -1.0, 
                0.0, 
                1.0
            ], 
            [
                -3.0, 
                0.0, 
                1.0
            ], 
            [
                -3.0, 
                0.0, 
                2.0
            ], 
            [
                -5.0, 
                0.0, 
                0.0
            ], 
            [
                -3.0, 
                0.0, 
                -2.0
            ], 
            [
                -3.0, 
                0.0, 
                -1.0
            ], 
            [
                -1.0, 
                0.0, 
                -1.0
            ], 
            [
                -1.0, 
                0.0, 
                -3.0
            ], 
            [
                -2.0, 
                0.0, 
                -3.0
            ], 
            [
                0.0, 
                0.0, 
                -5.0
            ], 
            [
                2.0, 
                0.0, 
                -3.0
            ], 
            [
                1.0, 
                0.0, 
                -3.0
            ], 
            [
                1.0, 
                0.0, 
                -1.0
            ]
        ]
    }, 
    "roundedSuperMover": {
        "knots": [
            0.0, 
            1.0, 
            2.0, 
            3.0, 
            4.0, 
            5.0, 
            6.0, 
            7.0, 
            8.0, 
            9.0, 
            10.0, 
            11.0, 
            12.0, 
            13.0, 
            14.0, 
            15.0, 
            16.0, 
            17.0, 
            18.0, 
            19.0, 
            20.0, 
            21.0, 
            22.0, 
            23.0, 
            24.0
        ], 
        "spans": 24, 
        "form": "open", 
        "degree": 1,